MAHDOUDE,AQUIFER,JALALI_YEAR,PERIOD_START,PERIOD_END_EXCLUSIVE,PROBABLE_IRRIGATED_AREA_HA,ANALYSIS_MASK_AREA_HA,VALID_OBSERVATION_AREA_HA,PROBABLE_PERCENT_OF_ANALYSIS,VALID_PERCENT_OF_ANALYSIS
ازغند,ازغند,1393,1393-03-01,1393-07-01,204.8344,1782.6298,1782.6298,11.49,100.0
بجستان - یونسی,بجستان,1393,1393-03-01,1393-07-01,37.2788,201.412,108.2833,18.51,53.76
بجستان - یونسی,یونسی,1393,1393-03-01,1393-07-01,26.5114,1049.0859,1033.8105,2.53,98.54
بردسکن,بردسکن,1393,1393-03-01,1393-07-01,1631.5673,18197.7999,15569.9644,8.97,85.56
تایباد,تایباد,1393,1393-03-01,1393-07-01,322.741,9398.6947,9398.6947,3.43,100.0
تربت حیدریه,تربت حیدریه,1393,1393-03-01,1393-07-01,956.7447,14464.2823,14463.9891,6.61,100.0
جنگل,جنگل,1393,1393-03-01,1393-07-01,285.8986,4669.3602,4669.3602,6.12,100.0
جوین,جوین,1393,1393-03-01,1393-07-01,10353.7818,72437.4014,72437.4014,14.29,100.0
خواف,خواف,1393,1393-03-01,1393-07-01,580.5185,10150.7653,10138.3175,5.72,99.88
داورزن - فرومد,داورزن - فرومد,1393,1393-03-01,1393-07-01,795.9725,6347.9876,6347.9876,12.54,100.0
درونه,درونه,1393,1393-03-01,1393-07-01,59.1598,1585.9412,1585.9412,3.73,100.0
درگز,آبخوان جنوبی,1393,1393-03-01,1393-07-01,644.3899,7296.7136,7048.0434,8.83,96.59
درگز,آبخوان شمالی,1393,1393-03-01,1393-07-01,758.8543,5869.6891,5869.6891,12.93,100.0
دشت رخ,دشت رخ,1393,1393-03-01,1393-07-01,4985.4245,18266.602,18262.6594,27.29,99.98
رشتخوار,رشتخوار,1393,1393-03-01,1393-07-01,688.541,13646.4134,13377.3864,5.05,98.03
ریوش,ریوش,1393,1393-03-01,1393-07-01,354.2199,2118.0285,2118.0285,16.72,100.0
زوزن,زوزن,1393,1393-03-01,1393-07-01,15.1267,563.4806,563.4806,2.68,100.0
سبزوار,سبزوار,1393,1393-03-01,1393-07-01,1397.2298,19728.6542,19728.6542,7.08,100.0
سرخس,سرخس,1393,1393-03-01,1393-07-01,8518.2867,26221.8714,26221.8714,32.49,100.0
سنگ بست,سنگ بست,1393,1393-03-01,1393-07-01,12.7934,156.4478,156.4478,8.18,100.0
شهر نو - باخرز,شهر نو - باخرز,1393,1393-03-01,1393-07-01,373.6205,2955.5842,2955.5842,12.64,100.0
صالح آباد - جنت آباد,آبخوان شرقی,1393,1393-03-01,1393-07-01,2.1819,45.2249,45.2249,4.82,100.0
صالح آباد - جنت آباد,آبخوان غربی,1393,1393-03-01,1393-07-01,7.8639,331.4598,331.4598,2.37,100.0
عطائیه,عطائیه,1393,1393-03-01,1393-07-01,369.7167,6097.1451,6097.1451,6.06,100.0
عمرانی - بیمرغ,آبخوان شرقی,1393,1393-03-01,1393-07-01,19.9752,1050.8981,1050.8981,1.9,100.0
عمرانی - بیمرغ,آبخوان غربی,1393,1393-03-01,1393-07-01,9.1618,766.8117,766.8117,1.19,100.0
عمرانی - بیمرغ,عمرانی,1393,1393-03-01,1393-07-01,3.9497,175.8872,175.8872,2.25,100.0
فریمان - تربت جام,فریمان - تربت جام,1393,1393-03-01,1393-07-01,9181.1749,65726.5536,65726.5536,13.97,100.0
قلعه میدان,آبخوان شرقی,1393,1393-03-01,1393-07-01,292.0361,2139.7342,2049.2455,13.65,95.77
قلعه میدان,آبخوان غربی,1393,1393-03-01,1393-07-01,0.4378,25.5242,20.7934,1.72,81.47
محولات,محولات,1393,1393-03-01,1393-07-01,700.6505,24162.1282,24114.6343,2.9,99.8
مشهد,مشهد,1393,1393-03-01,1393-07-01,12608.2293,79515.9996,79029.2571,15.86,99.39
نریمانی,آبخوان شرقی,1393,1393-03-01,1393-07-01,52.5936,643.4738,643.4738,8.17,100.0
نریمانی,آبخوان شمالی,1393,1393-03-01,1393-07-01,102.9809,335.9989,335.9989,30.65,100.0
نریمانی,نریمانی,1393,1393-03-01,1393-07-01,332.4614,4153.6365,4153.6365,8.0,100.0
نیشابور,نیشابور,1393,1393-03-01,1393-07-01,12767.3692,91615.1209,91601.8026,13.94,99.99
نیشابور,پهنه شمالی,1393,1393-03-01,1393-07-01,67.3594,491.397,491.397,13.71,100.0
کاشمر,سعدالدین,1393,1393-03-01,1393-07-01,0.0735,203.727,29.6363,0.04,14.55
کاشمر,کاشمر,1393,1393-03-01,1393-07-01,3579.1999,20591.0053,13867.7845,17.38,67.35
کرات,کرات,1393,1393-03-01,1393-07-01,343.3498,11519.9183,11519.9183,2.98,100.0
کلات نادری,کلات نادری,1393,1393-03-01,1393-07-01,196.2211,1701.9831,1701.9831,11.53,100.0
گناباد,گناباد,1393,1393-03-01,1393-07-01,310.2212,2096.5105,2096.5105,14.8,100.0
گیسور,گیسور,1393,1393-03-01,1393-07-01,687.2529,8776.2954,8776.2954,7.83,100.0
ینگجه,ینگجه,1393,1393-03-01,1393-07-01,181.7315,709.9335,709.9335,25.6,100.0
ازغند,ازغند,1394,1394-03-01,1394-07-01,215.8871,1782.6298,1782.6298,12.11,100.0
بجستان - یونسی,بجستان,1394,1394-03-01,1394-07-01,61.6879,201.412,201.412,30.63,100.0
بجستان - یونسی,یونسی,1394,1394-03-01,1394-07-01,32.0527,1049.0859,1049.0859,3.06,100.0
بردسکن,بردسکن,1394,1394-03-01,1394-07-01,2378.2453,18197.7999,18197.5063,13.07,100.0
تایباد,تایباد,1394,1394-03-01,1394-07-01,336.8579,9398.6947,9398.6947,3.58,100.0
تربت حیدریه,تربت حیدریه,1394,1394-03-01,1394-07-01,803.5242,14464.2823,14464.2823,5.56,100.0
جنگل,جنگل,1394,1394-03-01,1394-07-01,238.4068,4669.3602,4669.3602,5.11,100.0
جوین,جوین,1394,1394-03-01,1394-07-01,6736.1154,72437.4014,53599.3237,9.3,73.99
خواف,خواف,1394,1394-03-01,1394-07-01,611.9837,10150.7653,10150.7653,6.03,100.0
داورزن - فرومد,داورزن - فرومد,1394,1394-03-01,1394-07-01,804.8874,6347.9876,6347.3364,12.68,99.99
درونه,درونه,1394,1394-03-01,1394-07-01,51.2483,1585.9412,1585.9412,3.23,100.0
درگز,آبخوان جنوبی,1394,1394-03-01,1394-07-01,825.9565,7296.7136,7296.7136,11.32,100.0
درگز,آبخوان شمالی,1394,1394-03-01,1394-07-01,879.5821,5869.6891,5869.6891,14.99,100.0
دشت رخ,دشت رخ,1394,1394-03-01,1394-07-01,3573.9713,18266.602,18257.8418,19.57,99.95
رشتخوار,رشتخوار,1394,1394-03-01,1394-07-01,631.5604,13646.4134,13646.4134,4.63,100.0
ریوش,ریوش,1394,1394-03-01,1394-07-01,365.565,2118.0285,2118.0285,17.26,100.0
زوزن,زوزن,1394,1394-03-01,1394-07-01,16.0874,563.4806,563.4806,2.85,100.0
سبزوار,سبزوار,1394,1394-03-01,1394-07-01,971.9653,19728.6542,19728.6542,4.93,100.0
سرخس,سرخس,1394,1394-03-01,1394-07-01,7895.7026,26221.8714,24137.5766,30.11,92.05
سنگ بست,سنگ بست,1394,1394-03-01,1394-07-01,7.6134,156.4478,156.4478,4.87,100.0
شهر نو - باخرز,شهر نو - باخرز,1394,1394-03-01,1394-07-01,380.7993,2955.5842,2955.5842,12.88,100.0
صالح آباد - جنت آباد,آبخوان شرقی,1394,1394-03-01,1394-07-01,0.0729,45.2249,45.2249,0.16,100.0
صالح آباد - جنت آباد,آبخوان غربی,1394,1394-03-01,1394-07-01,7.791,331.4598,331.4598,2.35,100.0
عطائیه,عطائیه,1394,1394-03-01,1394-07-01,237.8371,6097.1451,6097.1451,3.9,100.0
عمرانی - بیمرغ,آبخوان شرقی,1394,1394-03-01,1394-07-01,21.323,1050.8981,1050.8981,2.03,100.0
عمرانی - بیمرغ,آبخوان غربی,1394,1394-03-01,1394-07-01,5.4674,766.8117,766.8117,0.71,100.0
عمرانی - بیمرغ,عمرانی,1394,1394-03-01,1394-07-01,6.0429,175.8872,175.8872,3.44,100.0
فریمان - تربت جام,فریمان - تربت جام,1394,1394-03-01,1394-07-01,10232.4443,65726.5536,65712.6229,15.57,99.98
قلعه میدان,آبخوان شرقی,1394,1394-03-01,1394-07-01,331.9319,2139.7342,2139.7342,15.51,100.0
قلعه میدان,آبخوان غربی,1394,1394-03-01,1394-07-01,0.1459,25.5242,25.5242,0.57,100.0
محولات,محولات,1394,1394-03-01,1394-07-01,615.3791,24162.1282,24162.1282,2.55,100.0
مشهد,مشهد,1394,1394-03-01,1394-07-01,13189.9253,79515.9996,79479.5504,16.59,99.95
نریمانی,آبخوان شرقی,1394,1394-03-01,1394-07-01,58.0774,643.4738,643.4738,9.03,100.0
نریمانی,آبخوان شمالی,1394,1394-03-01,1394-07-01,111.0452,335.9989,335.9989,33.05,100.0
نریمانی,نریمانی,1394,1394-03-01,1394-07-01,335.6105,4153.6365,4153.6365,8.08,100.0
نیشابور,نیشابور,1394,1394-03-01,1394-07-01,10428.681,91615.1209,91615.0486,11.38,100.0
نیشابور,پهنه شمالی,1394,1394-03-01,1394-07-01,79.4261,491.397,491.397,16.16,100.0
کاشمر,سعدالدین,1394,1394-03-01,1394-07-01,1.9121,203.727,203.727,0.94,100.0
کاشمر,کاشمر,1394,1394-03-01,1394-07-01,5634.5789,20591.0053,20591.0053,27.36,100.0
کرات,کرات,1394,1394-03-01,1394-07-01,556.4637,11519.9183,11519.9183,4.83,100.0
کلات نادری,کلات نادری,1394,1394-03-01,1394-07-01,238.8602,1701.9831,1701.9831,14.03,100.0
گناباد,گناباد,1394,1394-03-01,1394-07-01,342.2164,2096.5105,2096.5105,16.32,100.0
گیسور,گیسور,1394,1394-03-01,1394-07-01,521.6565,8776.2954,8776.2954,5.94,100.0
ینگجه,ینگجه,1394,1394-03-01,1394-07-01,203.3619,709.9335,709.9335,28.65,100.0
ازغند,ازغند,1395,1395-03-01,1395-07-01,228.1766,1782.6298,1782.6298,12.8,100.0
بجستان - یونسی,بجستان,1395,1395-03-01,1395-07-01,55.3268,201.412,201.412,27.47,100.0
بجستان - یونسی,یونسی,1395,1395-03-01,1395-07-01,23.1175,1049.0859,1049.0859,2.2,100.0
بردسکن,بردسکن,1395,1395-03-01,1395-07-01,2269.5033,18197.7999,18197.6531,12.47,100.0
تایباد,تایباد,1395,1395-03-01,1395-07-01,508.7595,9398.6947,9398.6947,5.41,100.0
تربت حیدریه,تربت حیدریه,1395,1395-03-01,1395-07-01,734.8837,14464.2823,14464.2823,5.08,100.0
جنگل,جنگل,1395,1395-03-01,1395-07-01,183.8674,4669.3602,4669.3602,3.94,100.0
جوین,جوین,1395,1395-03-01,1395-07-01,11489.8348,72437.4014,72366.0198,15.86,99.9
خواف,خواف,1395,1395-03-01,1395-07-01,432.8852,10150.7653,10150.7653,4.26,100.0
داورزن - فرومد,داورزن - فرومد,1395,1395-03-01,1395-07-01,748.0345,6347.9876,6347.9151,11.78,100.0
درونه,درونه,1395,1395-03-01,1395-07-01,40.735,1585.9412,1585.9412,2.57,100.0
درگز,آبخوان جنوبی,1395,1395-03-01,1395-07-01,786.8873,7296.7136,5481.5627,10.78,75.12
درگز,آبخوان شمالی,1395,1395-03-01,1395-07-01,743.9419,5869.6891,4839.1637,12.67,82.44
دشت رخ,دشت رخ,1395,1395-03-01,1395-07-01,3722.1725,18266.602,18266.4559,20.38,100.0
رشتخوار,رشتخوار,1395,1395-03-01,1395-07-01,684.0263,13646.4134,13646.4134,5.01,100.0
ریوش,ریوش,1395,1395-03-01,1395-07-01,355.1005,2118.0285,2118.0285,16.77,100.0
زوزن,زوزن,1395,1395-03-01,1395-07-01,17.4993,563.4806,563.4806,3.11,100.0
سبزوار,سبزوار,1395,1395-03-01,1395-07-01,1159.4408,19728.6542,19728.6542,5.88,100.0
سرخس,سرخس,1395,1395-03-01,1395-07-01,8275.5072,26221.8714,26221.8714,31.56,100.0
سنگ بست,سنگ بست,1395,1395-03-01,1395-07-01,18.7548,156.4478,156.4478,11.99,100.0
شهر نو - باخرز,شهر نو - باخرز,1395,1395-03-01,1395-07-01,332.339,2955.5842,2955.5842,11.24,100.0
صالح آباد - جنت آباد,آبخوان شرقی,1395,1395-03-01,1395-07-01,0.1457,45.2249,45.2249,0.32,100.0
صالح آباد - جنت آباد,آبخوان غربی,1395,1395-03-01,1395-07-01,7.4263,331.4598,331.4598,2.24,100.0
عطائیه,عطائیه,1395,1395-03-01,1395-07-01,205.6685,6097.1451,6097.1451,3.37,100.0
عمرانی - بیمرغ,آبخوان شرقی,1395,1395-03-01,1395-07-01,21.9144,1050.8981,1050.8981,2.09,100.0
عمرانی - بیمرغ,آبخوان غربی,1395,1395-03-01,1395-07-01,2.2159,766.8117,766.8117,0.29,100.0
عمرانی - بیمرغ,عمرانی,1395,1395-03-01,1395-07-01,4.7779,175.8872,175.8872,2.72,100.0
فریمان - تربت جام,فریمان - تربت جام,1395,1395-03-01,1395-07-01,10974.8353,65726.5536,65726.5536,16.7,100.0
قلعه میدان,آبخوان شرقی,1395,1395-03-01,1395-07-01,323.0395,2139.7342,2139.7342,15.1,100.0
قلعه میدان,آبخوان غربی,1395,1395-03-01,1395-07-01,0.6566,25.5242,25.5242,2.57,100.0
محولات,محولات,1395,1395-03-01,1395-07-01,579.51,24162.1282,24162.1282,2.4,100.0
مشهد,مشهد,1395,1395-03-01,1395-07-01,16028.116,79515.9996,79509.0873,20.16,99.99
نریمانی,آبخوان شرقی,1395,1395-03-01,1395-07-01,62.6218,643.4738,643.4738,9.73,100.0
نریمانی,آبخوان شمالی,1395,1395-03-01,1395-07-01,112.6322,335.9989,335.9989,33.52,100.0
نریمانی,نریمانی,1395,1395-03-01,1395-07-01,385.0336,4153.6365,4153.6365,9.27,100.0
نیشابور,نیشابور,1395,1395-03-01,1395-07-01,11368.6638,91615.1209,91615.0483,12.41,100.0
نیشابور,پهنه شمالی,1395,1395-03-01,1395-07-01,87.1325,491.397,491.397,17.73,100.0
کاشمر,سعدالدین,1395,1395-03-01,1395-07-01,1.765,203.727,203.727,0.87,100.0
کاشمر,کاشمر,1395,1395-03-01,1395-07-01,5632.0274,20591.0053,20587.9957,27.35,99.99
کرات,کرات,1395,1395-03-01,1395-07-01,585.8193,11519.9183,11519.9183,5.09,100.0
کلات نادری,کلات نادری,1395,1395-03-01,1395-07-01,303.3598,1701.9831,1701.9831,17.82,100.0
گناباد,گناباد,1395,1395-03-01,1395-07-01,320.5081,2096.5105,2096.5105,15.29,100.0
گیسور,گیسور,1395,1395-03-01,1395-07-01,461.8934,8776.2954,8776.2954,5.26,100.0
ینگجه,ینگجه,1395,1395-03-01,1395-07-01,235.2599,709.9335,672.4076,33.14,94.71
ازغند,ازغند,1396,1396-03-01,1396-07-01,227.6632,1782.6298,1782.6298,12.77,100.0
بجستان - یونسی,بجستان,1396,1396-03-01,1396-07-01,29.9566,201.412,201.412,14.87,100.0
بجستان - یونسی,یونسی,1396,1396-03-01,1396-07-01,26.3861,1049.0859,1049.0859,2.52,100.0
بردسکن,بردسکن,1396,1396-03-01,1396-07-01,2649.4385,18197.7999,18197.7999,14.56,100.0
تایباد,تایباد,1396,1396-03-01,1396-07-01,622.362,9398.6947,9398.6947,6.62,100.0
تربت حیدریه,تربت حیدریه,1396,1396-03-01,1396-07-01,740.0211,14464.2823,14464.2823,5.12,100.0
جنگل,جنگل,1396,1396-03-01,1396-07-01,266.926,4669.3602,4669.3602,5.72,100.0
جوین,جوین,1396,1396-03-01,1396-07-01,12247.3005,72437.4014,72437.4014,16.91,100.0
خواف,خواف,1396,1396-03-01,1396-07-01,566.2483,10150.7653,10150.7653,5.58,100.0
داورزن - فرومد,داورزن - فرومد,1396,1396-03-01,1396-07-01,869.5071,6347.9876,6347.9151,13.7,100.0
درونه,درونه,1396,1396-03-01,1396-07-01,63.812,1585.9412,1585.9412,4.02,100.0
درگز,آبخوان جنوبی,1396,1396-03-01,1396-07-01,808.6247,7296.7136,6374.1255,11.08,87.36
درگز,آبخوان شمالی,1396,1396-03-01,1396-07-01,884.188,5869.6891,4446.6492,15.06,75.76
دشت رخ,دشت رخ,1396,1396-03-01,1396-07-01,3570.7942,18266.602,18266.602,19.55,100.0
رشتخوار,رشتخوار,1396,1396-03-01,1396-07-01,698.8377,13646.4134,13646.34,5.12,100.0
ریوش,ریوش,1396,1396-03-01,1396-07-01,371.6704,2118.0285,2118.0285,17.55,100.0
زوزن,زوزن,1396,1396-03-01,1396-07-01,22.7038,563.4806,563.4806,4.03,100.0
سبزوار,سبزوار,1396,1396-03-01,1396-07-01,1523.1021,19728.6542,19728.6542,7.72,100.0
سرخس,سرخس,1396,1396-03-01,1396-07-01,8266.4037,26221.8714,26221.8714,31.52,100.0
سنگ بست,سنگ بست,1396,1396-03-01,1396-07-01,12.9512,156.4478,156.4478,8.28,100.0
شهر نو - باخرز,شهر نو - باخرز,1396,1396-03-01,1396-07-01,361.1293,2955.5842,2955.5842,12.22,100.0
صالح آباد - جنت آباد,آبخوان شرقی,1396,1396-03-01,1396-07-01,0.5101,45.2249,45.2249,1.13,100.0
صالح آباد - جنت آباد,آبخوان غربی,1396,1396-03-01,1396-07-01,7.1363,331.4598,331.4598,2.15,100.0
عطائیه,عطائیه,1396,1396-03-01,1396-07-01,404.7878,6097.1451,6097.1451,6.64,100.0
عمرانی - بیمرغ,آبخوان شرقی,1396,1396-03-01,1396-07-01,28.7197,1050.8981,1050.8981,2.73,100.0
عمرانی - بیمرغ,آبخوان غربی,1396,1396-03-01,1396-07-01,5.171,766.8117,766.8117,0.67,100.0
عمرانی - بیمرغ,عمرانی,1396,1396-03-01,1396-07-01,9.3864,175.8872,175.8872,5.34,100.0
فریمان - تربت جام,فریمان - تربت جام,1396,1396-03-01,1396-07-01,11598.3471,65726.5536,65726.5536,17.65,100.0
قلعه میدان,آبخوان شرقی,1396,1396-03-01,1396-07-01,292.9829,2139.7342,2139.7342,13.69,100.0
قلعه میدان,آبخوان غربی,1396,1396-03-01,1396-07-01,0.0,25.5242,25.5242,0.0,100.0
محولات,محولات,1396,1396-03-01,1396-07-01,684.0042,24162.1282,24162.1282,2.83,100.0
مشهد,مشهد,1396,1396-03-01,1396-07-01,15562.5668,79515.9996,79441.7591,19.57,99.91
نریمانی,آبخوان شرقی,1396,1396-03-01,1396-07-01,43.6586,643.4738,643.4738,6.78,100.0
نریمانی,آبخوان شمالی,1396,1396-03-01,1396-07-01,133.3281,335.9989,335.9989,39.68,100.0
نریمانی,نریمانی,1396,1396-03-01,1396-07-01,392.0033,4153.6365,4153.6365,9.44,100.0
نیشابور,نیشابور,1396,1396-03-01,1396-07-01,13525.2516,91615.1209,91615.1209,14.76,100.0
نیشابور,پهنه شمالی,1396,1396-03-01,1396-07-01,83.2374,491.397,491.397,16.94,100.0
کاشمر,سعدالدین,1396,1396-03-01,1396-07-01,5.0743,203.727,203.727,2.49,100.0
کاشمر,کاشمر,1396,1396-03-01,1396-07-01,5758.9749,20591.0053,20591.0053,27.97,100.0
کرات,کرات,1396,1396-03-01,1396-07-01,1141.7232,11519.9183,11519.9183,9.91,100.0
کلات نادری,کلات نادری,1396,1396-03-01,1396-07-01,239.6868,1701.9831,1701.9831,14.08,100.0
گناباد,گناباد,1396,1396-03-01,1396-07-01,366.0684,2096.5105,2096.5105,17.46,100.0
گیسور,گیسور,1396,1396-03-01,1396-07-01,520.6569,8776.2954,8776.2954,5.93,100.0
ینگجه,ینگجه,1396,1396-03-01,1396-07-01,246.8476,709.9335,707.343,34.77,99.64
ازغند,ازغند,1397,1397-03-01,1397-07-01,168.5527,1782.6298,1782.6298,9.46,100.0
بجستان - یونسی,بجستان,1397,1397-03-01,1397-07-01,30.2524,201.412,201.412,15.02,100.0
بجستان - یونسی,یونسی,1397,1397-03-01,1397-07-01,21.0392,1049.0859,1049.0859,2.01,100.0
بردسکن,بردسکن,1397,1397-03-01,1397-07-01,2012.4642,18197.7999,18197.7999,11.06,100.0
تایباد,تایباد,1397,1397-03-01,1397-07-01,285.8096,9398.6947,9361.1412,3.04,99.6
تربت حیدریه,تربت حیدریه,1397,1397-03-01,1397-07-01,508.2765,14464.2823,14464.2823,3.51,100.0
جنگل,جنگل,1397,1397-03-01,1397-07-01,121.2564,4669.3602,4669.3602,2.6,100.0
جوین,جوین,1397,1397-03-01,1397-07-01,9534.2183,72437.4014,72437.3294,13.16,100.0
خواف,خواف,1397,1397-03-01,1397-07-01,395.5863,10150.7653,10150.7653,3.9,100.0
داورزن - فرومد,داورزن - فرومد,1397,1397-03-01,1397-07-01,617.1351,6347.9876,6347.9876,9.72,100.0
درونه,درونه,1397,1397-03-01,1397-07-01,35.1741,1585.9412,1585.9412,2.22,100.0
درگز,آبخوان جنوبی,1397,1397-03-01,1397-07-01,817.7506,7296.7136,7296.7136,11.21,100.0
درگز,آبخوان شمالی,1397,1397-03-01,1397-07-01,865.2384,5869.6891,5869.6891,14.74,100.0
دشت رخ,دشت رخ,1397,1397-03-01,1397-07-01,4118.0654,18266.602,18266.602,22.54,100.0
رشتخوار,رشتخوار,1397,1397-03-01,1397-07-01,451.6785,13646.4134,13646.4134,3.31,100.0
ریوش,ریوش,1397,1397-03-01,1397-07-01,338.0524,2118.0285,2118.0285,15.96,100.0
زوزن,زوزن,1397,1397-03-01,1397-07-01,8.6811,563.4806,563.4806,1.54,100.0
سبزوار,سبزوار,1397,1397-03-01,1397-07-01,1056.9041,19728.6542,19728.6542,5.36,100.0
سرخس,سرخس,1397,1397-03-01,1397-07-01,6973.6423,26221.8714,26184.205,26.59,99.86
سنگ بست,سنگ بست,1397,1397-03-01,1397-07-01,8.6611,156.4478,156.4478,5.54,100.0
شهر نو - باخرز,شهر نو - باخرز,1397,1397-03-01,1397-07-01,327.9509,2955.5842,2955.5842,11.1,100.0
صالح آباد - جنت آباد,آبخوان شرقی,1397,1397-03-01,1397-07-01,3.0601,45.2249,45.2249,6.77,100.0
صالح آباد - جنت آباد,آبخوان غربی,1397,1397-03-01,1397-07-01,9.7575,331.4598,331.4598,2.94,100.0
عطائیه,عطائیه,1397,1397-03-01,1397-07-01,296.378,6097.1451,6097.1451,4.86,100.0
عمرانی - بیمرغ,آبخوان شرقی,1397,1397-03-01,1397-07-01,21.614,1050.8981,1050.8981,2.06,100.0
عمرانی - بیمرغ,آبخوان غربی,1397,1397-03-01,1397-07-01,7.0949,766.8117,766.8117,0.93,100.0
عمرانی - بیمرغ,عمرانی,1397,1397-03-01,1397-07-01,6.7945,175.8872,175.8872,3.86,100.0
فریمان - تربت جام,فریمان - تربت جام,1397,1397-03-01,1397-07-01,9720.1137,65726.5536,65726.5536,14.79,100.0
قلعه میدان,آبخوان شرقی,1397,1397-03-01,1397-07-01,247.0994,2139.7342,2139.7342,11.55,100.0
قلعه میدان,آبخوان غربی,1397,1397-03-01,1397-07-01,0.073,25.5242,25.5242,0.29,100.0
محولات,محولات,1397,1397-03-01,1397-07-01,390.65,24162.1282,24162.1282,1.62,100.0
مشهد,مشهد,1397,1397-03-01,1397-07-01,13224.8595,79515.9996,79515.3497,16.63,100.0
نریمانی,آبخوان شرقی,1397,1397-03-01,1397-07-01,48.6013,643.4738,643.4738,7.55,100.0
نریمانی,آبخوان شمالی,1397,1397-03-01,1397-07-01,129.4223,335.9989,335.9989,38.52,100.0
نریمانی,نریمانی,1397,1397-03-01,1397-07-01,341.5286,4153.6365,4153.6365,8.22,100.0
نیشابور,نیشابور,1397,1397-03-01,1397-07-01,10112.1395,91615.1209,91615.1209,11.04,100.0
نیشابور,پهنه شمالی,1397,1397-03-01,1397-07-01,37.504,491.397,491.397,7.63,100.0
کاشمر,سعدالدین,1397,1397-03-01,1397-07-01,2.2798,203.727,203.727,1.12,100.0
کاشمر,کاشمر,1397,1397-03-01,1397-07-01,4995.5005,20591.0053,20591.0053,24.26,100.0
کرات,کرات,1397,1397-03-01,1397-07-01,522.606,11519.9183,11519.9183,4.54,100.0
کلات نادری,کلات نادری,1397,1397-03-01,1397-07-01,219.5988,1701.9831,1701.9831,12.9,100.0
گناباد,گناباد,1397,1397-03-01,1397-07-01,327.4771,2096.5105,2096.5105,15.62,100.0
گیسور,گیسور,1397,1397-03-01,1397-07-01,266.6812,8776.2954,8776.2954,3.04,100.0
ینگجه,ینگجه,1397,1397-03-01,1397-07-01,186.7882,709.9335,709.9335,26.31,100.0
ازغند,ازغند,1398,1398-03-01,1398-07-01,260.3804,1782.6298,1782.6298,14.61,100.0
بجستان - یونسی,بجستان,1398,1398-03-01,1398-07-01,55.4009,201.412,201.412,27.51,100.0
بجستان - یونسی,یونسی,1398,1398-03-01,1398-07-01,50.632,1049.0859,1049.0859,4.83,100.0
بردسکن,بردسکن,1398,1398-03-01,1398-07-01,3016.2181,18197.7999,18197.7999,16.57,100.0
تایباد,تایباد,1398,1398-03-01,1398-07-01,639.9168,9398.6947,9330.3219,6.81,99.27
تربت حیدریه,تربت حیدریه,1398,1398-03-01,1398-07-01,518.7948,14464.2823,14463.8424,3.59,100.0
جنگل,جنگل,1398,1398-03-01,1398-07-01,201.9887,4669.3602,4669.3602,4.33,100.0
جوین,جوین,1398,1398-03-01,1398-07-01,9895.4458,72437.4014,64626.9758,13.66,89.22
خواف,خواف,1398,1398-03-01,1398-07-01,520.9991,10150.7653,10146.8614,5.13,99.96
داورزن - فرومد,داورزن - فرومد,1398,1398-03-01,1398-07-01,307.5143,6347.9876,2789.5191,4.84,43.94
درونه,درونه,1398,1398-03-01,1398-07-01,47.0309,1585.9412,1585.9412,2.97,100.0
درگز,آبخوان جنوبی,1398,1398-03-01,1398-07-01,1078.1712,7296.7136,7296.4995,14.78,100.0
درگز,آبخوان شمالی,1398,1398-03-01,1398-07-01,1199.9017,5869.6891,5869.6891,20.44,100.0
دشت رخ,دشت رخ,1398,1398-03-01,1398-07-01,3921.6898,18266.602,16688.1868,21.47,91.36
رشتخوار,رشتخوار,1398,1398-03-01,1398-07-01,439.5341,13646.4134,13614.1208,3.22,99.76
ریوش,ریوش,1398,1398-03-01,1398-07-01,370.9691,2118.0285,2118.0285,17.51,100.0
زوزن,زوزن,1398,1398-03-01,1398-07-01,32.5641,563.4806,563.4806,5.78,100.0
سبزوار,سبزوار,1398,1398-03-01,1398-07-01,1540.7068,19728.6542,19728.6542,7.81,100.0
سرخس,سرخس,1398,1398-03-01,1398-07-01,8699.5859,26221.8714,26150.1572,33.18,99.73
سنگ بست,سنگ بست,1398,1398-03-01,1398-07-01,12.7936,156.4478,156.4478,8.18,100.0
شهر نو - باخرز,شهر نو - باخرز,1398,1398-03-01,1398-07-01,395.5694,2955.5842,2953.3773,13.38,99.93
صالح آباد - جنت آباد,آبخوان شرقی,1398,1398-03-01,1398-07-01,1.9404,45.2249,45.2249,4.29,100.0
صالح آباد - جنت آباد,آبخوان غربی,1398,1398-03-01,1398-07-01,24.9038,331.4598,331.4598,7.51,100.0
عطائیه,عطائیه,1398,1398-03-01,1398-07-01,443.3119,6097.1451,6097.1451,7.27,100.0
عمرانی - بیمرغ,آبخوان شرقی,1398,1398-03-01,1398-07-01,34.3471,1050.8981,1050.8981,3.27,100.0
عمرانی - بیمرغ,آبخوان غربی,1398,1398-03-01,1398-07-01,12.4855,766.8117,766.8117,1.63,100.0
عمرانی - بیمرغ,عمرانی,1398,1398-03-01,1398-07-01,10.1664,175.8872,175.8872,5.78,100.0
فریمان - تربت جام,فریمان - تربت جام,1398,1398-03-01,1398-07-01,11212.0808,65726.5536,65722.1048,17.06,99.99
قلعه میدان,آبخوان شرقی,1398,1398-03-01,1398-07-01,330.1341,2139.7342,2139.7342,15.43,100.0
قلعه میدان,آبخوان غربی,1398,1398-03-01,1398-07-01,0.4904,25.5242,25.5242,1.92,100.0
محولات,محولات,1398,1398-03-01,1398-07-01,1040.4526,24162.1282,24162.1282,4.31,100.0
مشهد,مشهد,1398,1398-03-01,1398-07-01,14771.8745,79515.9996,78748.9451,18.58,99.04
نریمانی,آبخوان شرقی,1398,1398-03-01,1398-07-01,52.7376,643.4738,643.4738,8.2,100.0
نریمانی,آبخوان شمالی,1398,1398-03-01,1398-07-01,127.5882,335.9989,332.2091,37.97,98.87
نریمانی,نریمانی,1398,1398-03-01,1398-07-01,358.9617,4153.6365,4153.6365,8.64,100.0
نیشابور,نیشابور,1398,1398-03-01,1398-07-01,12951.1921,91615.1209,91615.0484,14.14,100.0
نیشابور,پهنه شمالی,1398,1398-03-01,1398-07-01,89.8323,491.397,491.397,18.28,100.0
کاشمر,سعدالدین,1398,1398-03-01,1398-07-01,8.4962,203.727,203.727,4.17,100.0
کاشمر,کاشمر,1398,1398-03-01,1398-07-01,6222.556,20591.0053,20591.0053,30.22,100.0
کرات,کرات,1398,1398-03-01,1398-07-01,1273.6211,11519.9183,11519.8443,11.06,100.0
کلات نادری,کلات نادری,1398,1398-03-01,1398-07-01,369.8359,1701.9831,1701.9831,21.73,100.0
گناباد,گناباد,1398,1398-03-01,1398-07-01,388.3212,2096.5105,2096.5105,18.52,100.0
گیسور,گیسور,1398,1398-03-01,1398-07-01,452.2691,8776.2954,8776.2954,5.15,100.0
ینگجه,ینگجه,1398,1398-03-01,1398-07-01,260.3181,709.9335,709.9335,36.67,100.0
ازغند,ازغند,1399,1399-03-01,1399-07-01,287.3923,1782.6298,1782.6298,16.12,100.0
بجستان - یونسی,بجستان,1399,1399-03-01,1399-07-01,56.2886,201.412,201.412,27.95,100.0
بجستان - یونسی,یونسی,1399,1399-03-01,1399-07-01,15.2032,1049.0859,600.3917,1.45,57.23
بردسکن,بردسکن,1399,1399-03-01,1399-07-01,1539.2282,18197.7999,12029.9642,8.46,66.11
تایباد,تایباد,1399,1399-03-01,1399-07-01,313.2996,9398.6947,9378.1835,3.33,99.78
تربت حیدریه,تربت حیدریه,1399,1399-03-01,1399-07-01,624.5355,14464.2823,14458.4917,4.32,99.96
جنگل,جنگل,1399,1399-03-01,1399-07-01,159.7632,4669.3602,4669.3602,3.42,100.0
جوین,جوین,1399,1399-03-01,1399-07-01,11559.4725,72437.4014,71947.011,15.96,99.32
خواف,خواف,1399,1399-03-01,1399-07-01,653.4638,10150.7653,10150.7653,6.44,100.0
داورزن - فرومد,داورزن - فرومد,1399,1399-03-01,1399-07-01,768.0775,6347.9876,6347.9876,12.1,100.0
درونه,درونه,1399,1399-03-01,1399-07-01,16.0806,1585.9412,670.1228,1.01,42.25
درگز,آبخوان جنوبی,1399,1399-03-01,1399-07-01,1071.5642,7296.7136,7296.7136,14.69,100.0
درگز,آبخوان شمالی,1399,1399-03-01,1399-07-01,1208.9048,5869.6891,5869.6891,20.6,100.0
دشت رخ,دشت رخ,1399,1399-03-01,1399-07-01,3954.396,18266.602,18266.602,21.65,100.0
رشتخوار,رشتخوار,1399,1399-03-01,1399-07-01,615.1207,13646.4134,13646.4134,4.51,100.0
ریوش,ریوش,1399,1399-03-01,1399-07-01,29.0792,2118.0285,741.017,1.37,34.99
زوزن,زوزن,1399,1399-03-01,1399-07-01,19.7427,563.4806,563.4806,3.5,100.0
سبزوار,سبزوار,1399,1399-03-01,1399-07-01,1105.9033,19728.6542,19446.25,5.61,98.57
سرخس,سرخس,1399,1399-03-01,1399-07-01,8349.3077,26221.8714,25816.9328,31.84,98.46
سنگ بست,سنگ بست,1399,1399-03-01,1399-07-01,4.7248,156.4478,156.4478,3.02,100.0
شهر نو - باخرز,شهر نو - باخرز,1399,1399-03-01,1399-07-01,420.0076,2955.5842,2953.4509,14.21,99.93
صالح آباد - جنت آباد,آبخوان شرقی,1399,1399-03-01,1399-07-01,1.4572,45.2249,45.2249,3.22,100.0
صالح آباد - جنت آباد,آبخوان غربی,1399,1399-03-01,1399-07-01,19.296,331.4598,331.4598,5.82,100.0
عطائیه,عطائیه,1399,1399-03-01,1399-07-01,104.4939,6097.1451,2140.5158,1.71,35.11
عمرانی - بیمرغ,آبخوان شرقی,1399,1399-03-01,1399-07-01,24.5079,1050.8981,1050.8981,2.33,100.0
عمرانی - بیمرغ,آبخوان غربی,1399,1399-03-01,1399-07-01,5.7598,766.8117,766.8117,0.75,100.0
عمرانی - بیمرغ,عمرانی,1399,1399-03-01,1399-07-01,5.705,175.8872,175.8872,3.24,100.0
فریمان - تربت جام,فریمان - تربت جام,1399,1399-03-01,1399-07-01,10789.5894,65726.5536,65702.2612,16.42,99.96
قلعه میدان,آبخوان شرقی,1399,1399-03-01,1399-07-01,1.7538,2139.7342,46.1198,0.08,2.16
قلعه میدان,آبخوان غربی,1399,1399-03-01,1399-07-01,0.0,25.5242,5.0341,0.0,19.72
محولات,محولات,1399,1399-03-01,1399-07-01,732.6194,24162.1282,24162.1282,3.03,100.0
مشهد,مشهد,1399,1399-03-01,1399-07-01,15800.7405,79515.9996,79511.1519,19.87,99.99
نریمانی,آبخوان شرقی,1399,1399-03-01,1399-07-01,44.317,643.4738,643.4738,6.89,100.0
نریمانی,آبخوان شمالی,1399,1399-03-01,1399-07-01,132.7603,335.9989,335.9989,39.51,100.0
نریمانی,نریمانی,1399,1399-03-01,1399-07-01,417.5315,4153.6365,4153.6365,10.05,100.0
نیشابور,نیشابور,1399,1399-03-01,1399-07-01,12515.2346,91615.1209,91613.2336,13.66,100.0
نیشابور,پهنه شمالی,1399,1399-03-01,1399-07-01,76.5523,491.397,491.397,15.58,100.0
کاشمر,سعدالدین,1399,1399-03-01,1399-07-01,8.5307,203.727,130.1825,4.19,63.9
کاشمر,کاشمر,1399,1399-03-01,1399-07-01,615.2038,20591.0053,3507.8959,2.99,17.04
کرات,کرات,1399,1399-03-01,1399-07-01,715.627,11519.9183,11519.9183,6.21,100.0
کلات نادری,کلات نادری,1399,1399-03-01,1399-07-01,337.0935,1701.9831,1701.9831,19.81,100.0
گناباد,گناباد,1399,1399-03-01,1399-07-01,343.304,2096.5105,2096.5105,16.38,100.0
گیسور,گیسور,1399,1399-03-01,1399-07-01,358.6893,8776.2954,8776.2954,4.09,100.0
ینگجه,ینگجه,1399,1399-03-01,1399-07-01,236.7029,709.9335,709.9335,33.34,100.0
ازغند,ازغند,1400,1400-03-01,1400-07-01,212.201,1782.6298,1756.6426,11.9,98.54
بجستان - یونسی,بجستان,1400,1400-03-01,1400-07-01,54.4396,201.412,201.412,27.03,100.0
بجستان - یونسی,یونسی,1400,1400-03-01,1400-07-01,20.5727,1049.0859,1049.0859,1.96,100.0
بردسکن,بردسکن,1400,1400-03-01,1400-07-01,2131.0987,18197.7999,18197.7999,11.71,100.0
تایباد,تایباد,1400,1400-03-01,1400-07-01,206.259,9398.6947,9398.6947,2.19,100.0
تربت حیدریه,تربت حیدریه,1400,1400-03-01,1400-07-01,345.3887,14464.2823,11545.5573,2.39,79.82
جنگل,جنگل,1400,1400-03-01,1400-07-01,80.6021,4669.3602,4132.2665,1.73,88.5
جوین,جوین,1400,1400-03-01,1400-07-01,10470.337,72437.4014,72437.3294,14.45,100.0
خواف,خواف,1400,1400-03-01,1400-07-01,313.8403,10150.7653,10138.1617,3.09,99.88
داورزن - فرومد,داورزن - فرومد,1400,1400-03-01,1400-07-01,643.6946,6347.9876,6347.9876,10.14,100.0
درونه,درونه,1400,1400-03-01,1400-07-01,18.9088,1585.9412,1585.9412,1.19,100.0
درگز,آبخوان جنوبی,1400,1400-03-01,1400-07-01,925.3209,7296.7136,7296.7136,12.68,100.0
درگز,آبخوان شمالی,1400,1400-03-01,1400-07-01,1205.8378,5869.6891,5869.6891,20.54,100.0
دشت رخ,دشت رخ,1400,1400-03-01,1400-07-01,1900.3387,18266.602,12272.6262,10.4,67.19
رشتخوار,رشتخوار,1400,1400-03-01,1400-07-01,458.731,13646.4134,12310.36,3.36,90.21
ریوش,ریوش,1400,1400-03-01,1400-07-01,347.5849,2118.0285,2118.0285,16.41,100.0
زوزن,زوزن,1400,1400-03-01,1400-07-01,3.6337,563.4806,563.4806,0.64,100.0
سبزوار,سبزوار,1400,1400-03-01,1400-07-01,1006.1846,19728.6542,19728.6542,5.1,100.0
سرخس,سرخس,1400,1400-03-01,1400-07-01,7114.2829,26221.8714,26221.8714,27.13,100.0
سنگ بست,سنگ بست,1400,1400-03-01,1400-07-01,2.9802,156.4478,153.3195,1.9,98.0
شهر نو - باخرز,شهر نو - باخرز,1400,1400-03-01,1400-07-01,375.5022,2955.5842,2955.5842,12.7,100.0
صالح آباد - جنت آباد,آبخوان شرقی,1400,1400-03-01,1400-07-01,0.226,45.2249,45.2249,0.5,100.0
صالح آباد - جنت آباد,آبخوان غربی,1400,1400-03-01,1400-07-01,7.864,331.4598,331.4598,2.37,100.0
عطائیه,عطائیه,1400,1400-03-01,1400-07-01,301.3931,6097.1451,6097.1451,4.94,100.0
عمرانی - بیمرغ,آبخوان شرقی,1400,1400-03-01,1400-07-01,10.9065,1050.8981,956.7199,1.04,91.04
عمرانی - بیمرغ,آبخوان غربی,1400,1400-03-01,1400-07-01,0.8858,766.8117,766.8117,0.12,100.0
عمرانی - بیمرغ,عمرانی,1400,1400-03-01,1400-07-01,4.2051,175.8872,175.6419,2.39,99.86
فریمان - تربت جام,فریمان - تربت جام,1400,1400-03-01,1400-07-01,8442.9344,65726.5536,65269.6001,12.85,99.3
قلعه میدان,آبخوان شرقی,1400,1400-03-01,1400-07-01,276.3574,2139.7342,2139.7342,12.92,100.0
قلعه میدان,آبخوان غربی,1400,1400-03-01,1400-07-01,2.7035,25.5242,25.5242,10.59,100.0
محولات,محولات,1400,1400-03-01,1400-07-01,454.8196,24162.1282,24162.1282,1.88,100.0
مشهد,مشهد,1400,1400-03-01,1400-07-01,11214.5754,79515.9996,75356.0065,14.1,94.77
نریمانی,آبخوان شرقی,1400,1400-03-01,1400-07-01,22.4502,643.4738,643.4738,3.49,100.0
نریمانی,آبخوان شمالی,1400,1400-03-01,1400-07-01,99.9605,335.9989,335.9989,29.75,100.0
نریمانی,نریمانی,1400,1400-03-01,1400-07-01,273.9825,4153.6365,3791.0534,6.6,91.27
نیشابور,نیشابور,1400,1400-03-01,1400-07-01,9604.7424,91615.1209,91614.9031,10.48,100.0
نیشابور,پهنه شمالی,1400,1400-03-01,1400-07-01,57.6682,491.397,491.397,11.74,100.0
کاشمر,سعدالدین,1400,1400-03-01,1400-07-01,1.3973,203.727,203.727,0.69,100.0
کاشمر,کاشمر,1400,1400-03-01,1400-07-01,5684.6539,20591.0053,20591.0053,27.61,100.0
کرات,کرات,1400,1400-03-01,1400-07-01,369.3641,11519.9183,11519.9183,3.21,100.0
کلات نادری,کلات نادری,1400,1400-03-01,1400-07-01,284.9792,1701.9831,1701.9831,16.74,100.0
گناباد,گناباد,1400,1400-03-01,1400-07-01,279.5891,2096.5105,2096.5105,13.34,100.0
گیسور,گیسور,1400,1400-03-01,1400-07-01,202.0086,8776.2954,8449.3329,2.3,96.27
ینگجه,ینگجه,1400,1400-03-01,1400-07-01,179.7299,709.9335,709.9335,25.32,100.0
ازغند,ازغند,1401,1401-03-01,1401-07-01,200.2474,1782.6298,1782.6298,11.23,100.0
بجستان - یونسی,بجستان,1401,1401-03-01,1401-07-01,52.5166,201.412,201.412,26.07,100.0
بجستان - یونسی,یونسی,1401,1401-03-01,1401-07-01,15.1027,1049.0859,1049.0859,1.44,100.0
بردسکن,بردسکن,1401,1401-03-01,1401-07-01,1915.5967,18197.7999,18197.7999,10.53,100.0
تایباد,تایباد,1401,1401-03-01,1401-07-01,393.8806,9398.6947,9398.6947,4.19,100.0
تربت حیدریه,تربت حیدریه,1401,1401-03-01,1401-07-01,427.5443,14464.2823,14464.2823,2.96,100.0
جنگل,جنگل,1401,1401-03-01,1401-07-01,146.6688,4669.3602,4669.3602,3.14,100.0
جوین,جوین,1401,1401-03-01,1401-07-01,10077.7215,72437.4014,72437.4014,13.91,100.0
خواف,خواف,1401,1401-03-01,1401-07-01,371.975,10150.7653,10150.7653,3.66,100.0
داورزن - فرومد,داورزن - فرومد,1401,1401-03-01,1401-07-01,537.1791,6347.9876,6347.9876,8.46,100.0
درونه,درونه,1401,1401-03-01,1401-07-01,28.3277,1585.9412,1585.9412,1.79,100.0
درگز,آبخوان جنوبی,1401,1401-03-01,1401-07-01,1100.1418,7296.7136,7296.7136,15.08,100.0
درگز,آبخوان شمالی,1401,1401-03-01,1401-07-01,1335.286,5869.6891,5869.6891,22.75,100.0
دشت رخ,دشت رخ,1401,1401-03-01,1401-07-01,2957.242,18266.602,18266.4559,16.19,100.0
رشتخوار,رشتخوار,1401,1401-03-01,1401-07-01,505.8908,13646.4134,13646.4134,3.71,100.0
ریوش,ریوش,1401,1401-03-01,1401-07-01,317.8439,2118.0285,2118.0285,15.01,100.0
زوزن,زوزن,1401,1401-03-01,1401-07-01,15.5696,563.4806,563.4806,2.76,100.0
سبزوار,سبزوار,1401,1401-03-01,1401-07-01,1217.8954,19728.6542,19728.6542,6.17,100.0
سرخس,سرخس,1401,1401-03-01,1401-07-01,6489.9931,26221.8714,26221.8714,24.75,100.0
سنگ بست,سنگ بست,1401,1401-03-01,1401-07-01,7.9043,156.4478,156.4478,5.05,100.0
شهر نو - باخرز,شهر نو - باخرز,1401,1401-03-01,1401-07-01,389.1478,2955.5842,2955.5842,13.17,100.0
صالح آباد - جنت آباد,آبخوان شرقی,1401,1401-03-01,1401-07-01,0.4371,45.2249,45.2249,0.97,100.0
صالح آباد - جنت آباد,آبخوان غربی,1401,1401-03-01,1401-07-01,13.9079,331.4598,331.4598,4.2,100.0
عطائیه,عطائیه,1401,1401-03-01,1401-07-01,298.9589,6097.1451,6097.1451,4.9,100.0
عمرانی - بیمرغ,آبخوان شرقی,1401,1401-03-01,1401-07-01,15.7181,1050.8981,1050.8981,1.5,100.0
عمرانی - بیمرغ,آبخوان غربی,1401,1401-03-01,1401-07-01,1.7728,766.8117,766.8117,0.23,100.0
عمرانی - بیمرغ,عمرانی,1401,1401-03-01,1401-07-01,4.7869,175.8872,175.8872,2.72,100.0
فریمان - تربت جام,فریمان - تربت جام,1401,1401-03-01,1401-07-01,9605.2291,65726.5536,65726.5536,14.61,100.0
قلعه میدان,آبخوان شرقی,1401,1401-03-01,1401-07-01,197.1414,2139.7342,2139.7342,9.21,100.0
قلعه میدان,آبخوان غربی,1401,1401-03-01,1401-07-01,0.509,25.5242,25.5242,1.99,100.0
محولات,محولات,1401,1401-03-01,1401-07-01,260.2015,24162.1282,24162.1282,1.08,100.0
مشهد,مشهد,1401,1401-03-01,1401-07-01,13086.2675,79515.9996,79515.9996,16.46,100.0
نریمانی,آبخوان شرقی,1401,1401-03-01,1401-07-01,15.329,643.4738,643.4738,2.38,100.0
نریمانی,آبخوان شمالی,1401,1401-03-01,1401-07-01,93.4584,335.9989,335.9989,27.82,100.0
نریمانی,نریمانی,1401,1401-03-01,1401-07-01,283.3719,4153.6365,4153.6365,6.82,100.0
نیشابور,نیشابور,1401,1401-03-01,1401-07-01,9553.034,91615.1209,91615.1209,10.43,100.0
نیشابور,پهنه شمالی,1401,1401-03-01,1401-07-01,35.996,491.397,491.397,7.33,100.0
کاشمر,سعدالدین,1401,1401-03-01,1401-07-01,1.2502,203.727,203.727,0.61,100.0
کاشمر,کاشمر,1401,1401-03-01,1401-07-01,5031.2304,20591.0053,20591.0053,24.43,100.0
کرات,کرات,1401,1401-03-01,1401-07-01,578.1423,11519.9183,11519.9183,5.02,100.0
کلات نادری,کلات نادری,1401,1401-03-01,1401-07-01,361.9517,1701.9831,1701.9831,21.27,100.0
گناباد,گناباد,1401,1401-03-01,1401-07-01,281.8076,2096.5105,2096.5105,13.44,100.0
گیسور,گیسور,1401,1401-03-01,1401-07-01,398.6661,8776.2954,8776.2954,4.54,100.0
ینگجه,ینگجه,1401,1401-03-01,1401-07-01,199.2691,709.9335,709.9335,28.07,100.0
ازغند,ازغند,1402,1402-03-01,1402-07-01,83.5613,1782.6298,1782.6298,4.69,100.0
بجستان - یونسی,بجستان,1402,1402-03-01,1402-07-01,50.7412,201.412,201.412,25.19,100.0
بجستان - یونسی,یونسی,1402,1402-03-01,1402-07-01,16.819,1049.0859,1049.0859,1.6,100.0
بردسکن,بردسکن,1402,1402-03-01,1402-07-01,1717.7132,18197.7999,18197.7999,9.44,100.0
تایباد,تایباد,1402,1402-03-01,1402-07-01,243.368,9398.6947,9398.6947,2.59,100.0
تربت حیدریه,تربت حیدریه,1402,1402-03-01,1402-07-01,327.6619,14464.2823,14464.2823,2.27,100.0
جنگل,جنگل,1402,1402-03-01,1402-07-01,111.3166,4669.3602,4669.3602,2.38,100.0
جوین,جوین,1402,1402-03-01,1402-07-01,9366.6821,72437.4014,72437.4014,12.93,100.0
خواف,خواف,1402,1402-03-01,1402-07-01,194.2998,10150.7653,10150.7653,1.91,100.0
داورزن - فرومد,داورزن - فرومد,1402,1402-03-01,1402-07-01,558.9642,6347.9876,6347.9876,8.81,100.0
درونه,درونه,1402,1402-03-01,1402-07-01,13.1575,1585.9412,1585.9412,0.83,100.0
درگز,آبخوان جنوبی,1402,1402-03-01,1402-07-01,827.0313,7296.7136,7296.7136,11.33,100.0
درگز,آبخوان شمالی,1402,1402-03-01,1402-07-01,1162.0754,5869.6891,5869.6891,19.8,100.0
دشت رخ,دشت رخ,1402,1402-03-01,1402-07-01,2594.7847,18266.602,18266.602,14.21,100.0
رشتخوار,رشتخوار,1402,1402-03-01,1402-07-01,356.2244,13646.4134,13646.4134,2.61,100.0
ریوش,ریوش,1402,1402-03-01,1402-07-01,295.6794,2118.0285,2118.0285,13.96,100.0
زوزن,زوزن,1402,1402-03-01,1402-07-01,11.1229,563.4806,563.4806,1.97,100.0
سبزوار,سبزوار,1402,1402-03-01,1402-07-01,1036.3627,19728.6542,19728.6542,5.25,100.0
سرخس,سرخس,1402,1402-03-01,1402-07-01,5293.0028,26221.8714,26221.8714,20.19,100.0
سنگ بست,سنگ بست,1402,1402-03-01,1402-07-01,2.0325,156.4478,156.4478,1.3,100.0
شهر نو - باخرز,شهر نو - باخرز,1402,1402-03-01,1402-07-01,313.7483,2955.5842,2955.5842,10.62,100.0
صالح آباد - جنت آباد,آبخوان شرقی,1402,1402-03-01,1402-07-01,0.0,45.2249,45.2249,0.0,100.0
صالح آباد - جنت آباد,آبخوان غربی,1402,1402-03-01,1402-07-01,10.1227,331.4598,331.4598,3.05,100.0
عطائیه,عطائیه,1402,1402-03-01,1402-07-01,158.4572,6097.1451,6097.1451,2.6,100.0
عمرانی - بیمرغ,آبخوان شرقی,1402,1402-03-01,1402-07-01,11.9973,1050.8981,1050.8981,1.14,100.0
عمرانی - بیمرغ,آبخوان غربی,1402,1402-03-01,1402-07-01,0.2215,766.8117,766.8117,0.03,100.0
عمرانی - بیمرغ,عمرانی,1402,1402-03-01,1402-07-01,2.8008,175.8872,175.8872,1.59,100.0
فریمان - تربت جام,فریمان - تربت جام,1402,1402-03-01,1402-07-01,8211.5188,65726.5536,65726.5536,12.49,100.0
قلعه میدان,آبخوان شرقی,1402,1402-03-01,1402-07-01,159.3357,2139.7342,2139.7342,7.45,100.0
قلعه میدان,آبخوان غربی,1402,1402-03-01,1402-07-01,0.0712,25.5242,25.5242,0.28,100.0
محولات,محولات,1402,1402-03-01,1402-07-01,207.8106,24162.1282,24162.1282,0.86,100.0
مشهد,مشهد,1402,1402-03-01,1402-07-01,11429.9409,79515.9996,79515.9996,14.37,100.0
نریمانی,آبخوان شرقی,1402,1402-03-01,1402-07-01,18.0158,643.4738,643.4738,2.8,100.0
نریمانی,آبخوان شمالی,1402,1402-03-01,1402-07-01,103.2316,335.9989,335.9989,30.72,100.0
نریمانی,نریمانی,1402,1402-03-01,1402-07-01,172.6676,4153.6365,4153.6365,4.16,100.0
نیشابور,نیشابور,1402,1402-03-01,1402-07-01,8623.6973,91615.1209,91615.1209,9.41,100.0
نیشابور,پهنه شمالی,1402,1402-03-01,1402-07-01,34.2913,491.397,491.397,6.98,100.0
کاشمر,سعدالدین,1402,1402-03-01,1402-07-01,0.8089,203.727,203.727,0.4,100.0
کاشمر,کاشمر,1402,1402-03-01,1402-07-01,5096.5623,20591.0053,20591.0053,24.75,100.0
کرات,کرات,1402,1402-03-01,1402-07-01,542.3931,11519.9183,11519.9183,4.71,100.0
کلات نادری,کلات نادری,1402,1402-03-01,1402-07-01,252.387,1701.9831,1701.9831,14.83,100.0
گناباد,گناباد,1402,1402-03-01,1402-07-01,254.3047,2096.5105,2096.5105,12.13,100.0
گیسور,گیسور,1402,1402-03-01,1402-07-01,239.3888,8776.2954,8776.2954,2.73,100.0
ینگجه,ینگجه,1402,1402-03-01,1402-07-01,153.8797,709.9335,709.9335,21.68,100.0
ازغند,ازغند,1403,1403-03-01,1403-07-01,103.4352,1782.6298,1782.6298,5.8,100.0
بجستان - یونسی,بجستان,1403,1403-03-01,1403-07-01,49.9275,201.412,201.412,24.79,100.0
بجستان - یونسی,یونسی,1403,1403-03-01,1403-07-01,10.0757,1049.0859,1049.0859,0.96,100.0
بردسکن,بردسکن,1403,1403-03-01,1403-07-01,1547.6698,18197.7999,18197.7999,8.5,100.0
تایباد,تایباد,1403,1403-03-01,1403-07-01,193.7372,9398.6947,9398.6947,2.06,100.0
تربت حیدریه,تربت حیدریه,1403,1403-03-01,1403-07-01,395.9055,14464.2823,14464.2823,2.74,100.0
جنگل,جنگل,1403,1403-03-01,1403-07-01,61.9822,4669.3602,4669.3602,1.33,100.0
جوین,جوین,1403,1403-03-01,1403-07-01,9291.3163,72437.4014,72437.4014,12.83,100.0
خواف,خواف,1403,1403-03-01,1403-07-01,212.5314,10150.7653,10150.7653,2.09,100.0
داورزن - فرومد,داورزن - فرومد,1403,1403-03-01,1403-07-01,473.9243,6347.9876,6347.9876,7.47,100.0
درونه,درونه,1403,1403-03-01,1403-07-01,5.5059,1585.9412,1585.9412,0.35,100.0
درگز,آبخوان جنوبی,1403,1403-03-01,1403-07-01,1098.2959,7296.7136,7296.7136,15.05,100.0
درگز,آبخوان شمالی,1403,1403-03-01,1403-07-01,1215.9957,5869.6891,5869.6891,20.72,100.0
دشت رخ,دشت رخ,1403,1403-03-01,1403-07-01,3174.4406,18266.602,18266.602,17.38,100.0
رشتخوار,رشتخوار,1403,1403-03-01,1403-07-01,261.0663,13646.4134,13646.4134,1.91,100.0
ریوش,ریوش,1403,1403-03-01,1403-07-01,331.3398,2118.0285,2118.0285,15.64,100.0
زوزن,زوزن,1403,1403-03-01,1403-07-01,9.3529,563.4806,563.4806,1.66,100.0
سبزوار,سبزوار,1403,1403-03-01,1403-07-01,757.9699,19728.6542,19728.6542,3.84,100.0
سرخس,سرخس,1403,1403-03-01,1403-07-01,6698.1433,26221.8714,26221.8714,25.54,100.0
سنگ بست,سنگ بست,1403,1403-03-01,1403-07-01,14.6105,156.4478,156.4478,9.34,100.0
شهر نو - باخرز,شهر نو - باخرز,1403,1403-03-01,1403-07-01,305.9874,2955.5842,2955.5842,10.35,100.0
صالح آباد - جنت آباد,آبخوان شرقی,1403,1403-03-01,1403-07-01,0.2915,45.2249,45.2249,0.64,100.0
صالح آباد - جنت آباد,آبخوان غربی,1403,1403-03-01,1403-07-01,23.6671,331.4598,331.4598,7.14,100.0
عطائیه,عطائیه,1403,1403-03-01,1403-07-01,159.8037,6097.1451,6097.1451,2.62,100.0
عمرانی - بیمرغ,آبخوان شرقی,1403,1403-03-01,1403-07-01,7.1061,1050.8981,1050.8981,0.68,100.0
عمرانی - بیمرغ,آبخوان غربی,1403,1403-03-01,1403-07-01,0.517,766.8117,766.8117,0.07,100.0
عمرانی - بیمرغ,عمرانی,1403,1403-03-01,1403-07-01,2.8,175.8872,175.8872,1.59,100.0
فریمان - تربت جام,فریمان - تربت جام,1403,1403-03-01,1403-07-01,8720.0814,65726.5536,65726.5536,13.27,100.0
قلعه میدان,آبخوان شرقی,1403,1403-03-01,1403-07-01,164.5671,2139.7342,2136.5189,7.69,99.85
قلعه میدان,آبخوان غربی,1403,1403-03-01,1403-07-01,0.0,25.5242,25.5242,0.0,100.0
محولات,محولات,1403,1403-03-01,1403-07-01,219.6597,24162.1282,24162.1282,0.91,100.0
مشهد,مشهد,1403,1403-03-01,1403-07-01,14448.5324,79515.9996,79515.9996,18.17,100.0
نریمانی,آبخوان شرقی,1403,1403-03-01,1403-07-01,27.8194,643.4738,643.4738,4.32,100.0
نریمانی,آبخوان شمالی,1403,1403-03-01,1403-07-01,166.5061,335.9989,335.9989,49.56,100.0
نریمانی,نریمانی,1403,1403-03-01,1403-07-01,342.0223,4153.6365,4153.6365,8.23,100.0
نیشابور,نیشابور,1403,1403-03-01,1403-07-01,8092.2713,91615.1209,91615.1209,8.83,100.0
نیشابور,پهنه شمالی,1403,1403-03-01,1403-07-01,48.6058,491.397,491.397,9.89,100.0
کاشمر,سعدالدین,1403,1403-03-01,1403-07-01,1.2502,203.727,203.727,0.61,100.0
کاشمر,کاشمر,1403,1403-03-01,1403-07-01,5092.7425,20591.0053,20591.0053,24.73,100.0
کرات,کرات,1403,1403-03-01,1403-07-01,419.5229,11519.9183,11519.9183,3.64,100.0
کلات نادری,کلات نادری,1403,1403-03-01,1403-07-01,239.6539,1701.9831,1701.9831,14.08,100.0
گناباد,گناباد,1403,1403-03-01,1403-07-01,276.0891,2096.5105,2096.5105,13.17,100.0
گیسور,گیسور,1403,1403-03-01,1403-07-01,143.7445,8776.2954,8776.2954,1.64,100.0
ینگجه,ینگجه,1403,1403-03-01,1403-07-01,166.3327,709.9335,709.9335,23.43,100.0
ازغند,ازغند,1404,1404-03-01,1404-07-01,84.0112,1782.6298,1782.6298,4.71,100.0
بجستان - یونسی,بجستان,1404,1404-03-01,1404-07-01,50.2973,201.412,201.412,24.97,100.0
بجستان - یونسی,یونسی,1404,1404-03-01,1404-07-01,15.1661,1049.0859,1049.0859,1.45,100.0
بردسکن,بردسکن,1404,1404-03-01,1404-07-01,1650.9517,18197.7999,18197.7999,9.07,100.0
تایباد,تایباد,1404,1404-03-01,1404-07-01,115.3793,9398.6947,9398.6947,1.23,100.0
تربت حیدریه,تربت حیدریه,1404,1404-03-01,1404-07-01,316.5601,14464.2823,14463.4029,2.19,99.99
جنگل,جنگل,1404,1404-03-01,1404-07-01,20.6026,4669.3602,4669.3602,0.44,100.0
جوین,جوین,1404,1404-03-01,1404-07-01,7592.2843,72437.4014,72437.4014,10.48,100.0
خواف,خواف,1404,1404-03-01,1404-07-01,167.6396,10150.7653,10150.7653,1.65,100.0
داورزن - فرومد,داورزن - فرومد,1404,1404-03-01,1404-07-01,430.2784,6347.9876,6347.9876,6.78,100.0
درونه,درونه,1404,1404-03-01,1404-07-01,4.9367,1585.9412,1585.9412,0.31,100.0
درگز,آبخوان جنوبی,1404,1404-03-01,1404-07-01,722.3556,7296.7136,7296.7136,9.9,100.0
درگز,آبخوان شمالی,1404,1404-03-01,1404-07-01,802.1383,5869.6891,5869.6891,13.67,100.0
دشت رخ,دشت رخ,1404,1404-03-01,1404-07-01,2366.1783,18266.602,18266.4559,12.95,100.0
رشتخوار,رشتخوار,1404,1404-03-01,1404-07-01,223.4432,13646.4134,13646.4134,1.64,100.0
ریوش,ریوش,1404,1404-03-01,1404-07-01,266.6138,2118.0285,2118.0285,12.59,100.0
زوزن,زوزن,1404,1404-03-01,1404-07-01,7.2725,563.4806,563.4806,1.29,100.0
سبزوار,سبزوار,1404,1404-03-01,1404-07-01,603.1433,19728.6542,19728.6542,3.06,100.0
سرخس,سرخس,1404,1404-03-01,1404-07-01,4819.3894,26221.8714,26221.8714,18.38,100.0
سنگ بست,سنگ بست,1404,1404-03-01,1404-07-01,22.2342,156.4478,156.4478,14.21,100.0
شهر نو - باخرز,شهر نو - باخرز,1404,1404-03-01,1404-07-01,232.5836,2955.5842,2955.5842,7.87,100.0
صالح آباد - جنت آباد,آبخوان شرقی,1404,1404-03-01,1404-07-01,0.8016,45.2249,45.2249,1.77,100.0
صالح آباد - جنت آباد,آبخوان غربی,1404,1404-03-01,1404-07-01,7.1364,331.4598,331.4598,2.15,100.0
عطائیه,عطائیه,1404,1404-03-01,1404-07-01,121.2505,6097.1451,6097.1451,1.99,100.0
عمرانی - بیمرغ,آبخوان شرقی,1404,1404-03-01,1404-07-01,3.8494,1050.8981,1050.8981,0.37,100.0
عمرانی - بیمرغ,آبخوان غربی,1404,1404-03-01,1404-07-01,1.8471,766.8117,766.8117,0.24,100.0
عمرانی - بیمرغ,عمرانی,1404,1404-03-01,1404-07-01,3.0072,175.8872,175.8872,1.71,100.0
فریمان - تربت جام,فریمان - تربت جام,1404,1404-03-01,1404-07-01,7342.5455,65726.5536,65726.5536,11.17,100.0
قلعه میدان,آبخوان شرقی,1404,1404-03-01,1404-07-01,107.7918,2139.7342,2139.7342,5.04,100.0
قلعه میدان,آبخوان غربی,1404,1404-03-01,1404-07-01,0.0,25.5242,25.5242,0.0,100.0
محولات,محولات,1404,1404-03-01,1404-07-01,205.6321,24162.1282,24162.1282,0.85,100.0
مشهد,مشهد,1404,1404-03-01,1404-07-01,10701.1303,79515.9996,79515.9276,13.46,100.0
نریمانی,آبخوان شرقی,1404,1404-03-01,1404-07-01,17.0003,643.4738,643.4738,2.64,100.0
نریمانی,آبخوان شمالی,1404,1404-03-01,1404-07-01,127.4372,335.9989,335.9989,37.93,100.0
نریمانی,نریمانی,1404,1404-03-01,1404-07-01,187.4187,4153.6365,4153.6365,4.51,100.0
نیشابور,نیشابور,1404,1404-03-01,1404-07-01,6987.5187,91615.1209,91615.1209,7.63,100.0
نیشابور,پهنه شمالی,1404,1404-03-01,1404-07-01,19.4112,491.397,491.397,3.95,100.0
کاشمر,سعدالدین,1404,1404-03-01,1404-07-01,2.0591,203.727,203.727,1.01,100.0
کاشمر,کاشمر,1404,1404-03-01,1404-07-01,5057.8258,20591.0053,20591.0053,24.56,100.0
کرات,کرات,1404,1404-03-01,1404-07-01,403.6661,11519.9183,11519.9183,3.5,100.0
کلات نادری,کلات نادری,1404,1404-03-01,1404-07-01,151.7628,1701.9831,1701.9831,8.92,100.0
گناباد,گناباد,1404,1404-03-01,1404-07-01,235.561,2096.5105,2096.5105,11.24,100.0
گیسور,گیسور,1404,1404-03-01,1404-07-01,81.8705,8776.2954,8776.2954,0.93,100.0
ینگجه,ینگجه,1404,1404-03-01,1404-07-01,129.2415,709.9335,709.9335,18.2,100.0
ازغند,ازغند,1405,1405-03-01,1405-07-01,0.0,1782.6298,0.0,0.0,0.0
بجستان - یونسی,بجستان,1405,1405-03-01,1405-07-01,0.0,201.412,0.0,0.0,0.0
بجستان - یونسی,یونسی,1405,1405-03-01,1405-07-01,0.0,1049.0859,0.0,0.0,0.0
بردسکن,بردسکن,1405,1405-03-01,1405-07-01,0.0,18197.7999,0.0,0.0,0.0
تایباد,تایباد,1405,1405-03-01,1405-07-01,0.0,9398.6947,0.0,0.0,0.0
تربت حیدریه,تربت حیدریه,1405,1405-03-01,1405-07-01,0.0,14464.2823,0.0,0.0,0.0
جنگل,جنگل,1405,1405-03-01,1405-07-01,0.0,4669.3602,0.0,0.0,0.0
جوین,جوین,1405,1405-03-01,1405-07-01,0.0,72437.4014,0.0,0.0,0.0
خواف,خواف,1405,1405-03-01,1405-07-01,0.0,10150.7653,0.0,0.0,0.0
داورزن - فرومد,داورزن - فرومد,1405,1405-03-01,1405-07-01,0.0,6347.9876,0.0,0.0,0.0
درونه,درونه,1405,1405-03-01,1405-07-01,0.0,1585.9412,0.0,0.0,0.0
درگز,آبخوان جنوبی,1405,1405-03-01,1405-07-01,0.0,7296.7136,0.0,0.0,0.0
درگز,آبخوان شمالی,1405,1405-03-01,1405-07-01,0.0,5869.6891,0.0,0.0,0.0
دشت رخ,دشت رخ,1405,1405-03-01,1405-07-01,0.0,18266.602,0.0,0.0,0.0
رشتخوار,رشتخوار,1405,1405-03-01,1405-07-01,0.0,13646.4134,0.0,0.0,0.0
ریوش,ریوش,1405,1405-03-01,1405-07-01,0.0,2118.0285,0.0,0.0,0.0
زوزن,زوزن,1405,1405-03-01,1405-07-01,0.0,563.4806,0.0,0.0,0.0
سبزوار,سبزوار,1405,1405-03-01,1405-07-01,0.0,19728.6542,0.0,0.0,0.0
سرخس,سرخس,1405,1405-03-01,1405-07-01,0.0,26221.8714,0.0,0.0,0.0
سنگ بست,سنگ بست,1405,1405-03-01,1405-07-01,0.0,156.4478,0.0,0.0,0.0
شهر نو - باخرز,شهر نو - باخرز,1405,1405-03-01,1405-07-01,0.0,2955.5842,0.0,0.0,0.0
صالح آباد - جنت آباد,آبخوان شرقی,1405,1405-03-01,1405-07-01,0.0,45.2249,0.0,0.0,0.0
صالح آباد - جنت آباد,آبخوان غربی,1405,1405-03-01,1405-07-01,0.0,331.4598,0.0,0.0,0.0
عطائیه,عطائیه,1405,1405-03-01,1405-07-01,0.0,6097.1451,0.0,0.0,0.0
عمرانی - بیمرغ,آبخوان شرقی,1405,1405-03-01,1405-07-01,0.0,1050.8981,0.0,0.0,0.0
عمرانی - بیمرغ,آبخوان غربی,1405,1405-03-01,1405-07-01,0.0,766.8117,0.0,0.0,0.0
عمرانی - بیمرغ,عمرانی,1405,1405-03-01,1405-07-01,0.0,175.8872,0.0,0.0,0.0
فریمان - تربت جام,فریمان - تربت جام,1405,1405-03-01,1405-07-01,0.0,65726.5536,0.0,0.0,0.0
قلعه میدان,آبخوان شرقی,1405,1405-03-01,1405-07-01,0.0,2139.7342,0.0,0.0,0.0
قلعه میدان,آبخوان غربی,1405,1405-03-01,1405-07-01,0.0,25.5242,0.0,0.0,0.0
محولات,محولات,1405,1405-03-01,1405-07-01,0.0,24162.1282,0.0,0.0,0.0
مشهد,مشهد,1405,1405-03-01,1405-07-01,0.0,79515.9996,0.0,0.0,0.0
نریمانی,آبخوان شرقی,1405,1405-03-01,1405-07-01,0.0,643.4738,0.0,0.0,0.0
نریمانی,آبخوان شمالی,1405,1405-03-01,1405-07-01,0.0,335.9989,0.0,0.0,0.0
نریمانی,نریمانی,1405,1405-03-01,1405-07-01,0.0,4153.6365,0.0,0.0,0.0
نیشابور,نیشابور,1405,1405-03-01,1405-07-01,0.0,91615.1209,0.0,0.0,0.0
نیشابور,پهنه شمالی,1405,1405-03-01,1405-07-01,0.0,491.397,0.0,0.0,0.0
کاشمر,سعدالدین,1405,1405-03-01,1405-07-01,0.0,203.727,0.0,0.0,0.0
کاشمر,کاشمر,1405,1405-03-01,1405-07-01,0.0,20591.0053,0.0,0.0,0.0
کرات,کرات,1405,1405-03-01,1405-07-01,0.0,11519.9183,0.0,0.0,0.0
کلات نادری,کلات نادری,1405,1405-03-01,1405-07-01,0.0,1701.9831,0.0,0.0,0.0
گناباد,گناباد,1405,1405-03-01,1405-07-01,0.0,2096.5105,0.0,0.0,0.0
گیسور,گیسور,1405,1405-03-01,1405-07-01,0.0,8776.2954,0.0,0.0,0.0
ینگجه,ینگجه,1405,1405-03-01,1405-07-01,0.0,709.9335,0.0,0.0,0.0
